question,answer
What role does the claims section play in a life insurance policy document?,The claims section in a life insurance policy document provides instructions on how beneficiaries can make a claim and outlines the available choices for receiving the policys benefit. It serves as a guide for a smooth and efficient claims settlement process.
"Eligibility for policy loans, interest rates, repayment procedures, etc,","To understand eligibility for policy loans, interest rates, repayment procedures, and related details, refer to the loanrelated sections of the policy document. Additionally, contact LICs customer service for clarifications and to ensure accurate information."
What information is typically included in a certificate of insurance template?,"A certificate of insurance template usually includes the following information Date of Issuance Disclaimer Insurer Details Policy Holder Information Insurance Coverage Details Liability Limit Additional Information Declaration Signatures These details provide a summary of the insurance policy, including coverage, limits, disclaimers, and the commitment of parties involved."
"What is the definition and key characteristics of a ""Strategy"" within the context of an organizations planning?","A ""Strategy"" is a highlevel plan designed to achieve a particular longterm aim for the future success of the organization, such as the Human Resources Strategy or the Governance and Assurance Strategy. It addresses major issues, principles, and beliefs, often arising from government aims. Strategies are ratified by the Board or delegated Committee, disseminated widely, and reviewed less frequently."
What role does machine learning play in anomaly detection in stock prices?,"Machine learning algorithms can analyze vast amounts of data to detect anomalies in stock prices, helping investors predict unusual market behavior and make better trading decisions."
What is the difference between relative stock price momentum and absolute stock price momentum?,"Relative stock price momentum compares a stocks performance to a benchmark index or sector, while absolute stock price momentum measures a stocks performance in isolation without comparison."
What is a bluechip stock in stock trading?,"A bluechip stock is a large, wellestablished company with a history of stable earnings and a strong market position. Bluechip stocks are considered reliable and less volatile investments."
Explain the purpose of the Insuring Agreement in an insurance policy.,"The Insuring Agreement outlines the major promises made by the insurer, specifying what is covered. It includes commitments like paying losses for covered perils, providing services, or defending the insured in a liability lawsuit. This section is crucial in understanding the extent of coverage."
What is a stock split?,"A stock split is when a company divides its existing shares into multiple shares, effectively lowering the price per share. This does not change the overall value of the investment."
Highlight the features and flexibility of HDFC Lifes Click 2 Protect Life term plan.,"HDFC Lifes Click 2 Protect Life term plan offers notable features and flexibility, including Multiple Benefits Provides protection, longterm savings, and tax benefits based on the selected product features. Benefit Illustrations Mandatory benefit illustrations issued by IRDAI, showcasing how policy returns are computed for informed decisionmaking. Policy Schedule Details Clearly outlines sum assured, premium amount, and payment frequency for a comprehensive understanding. LockIn Period Information Informs policyholders about the lockin period, restricting policy withdrawal but allowing surrender with a specified value in case of exigencies. Exclusion and Riders Clarity Highlights exclusions, specifying circumstances not covered, and allows customization with optional riders like accidental death benefits. The plan is designed to adapt to changing needs, offering flexibility to adjust coverage and premium payment terms. HDFC Lifes Click 2 Protect Life ensures policyholders stay wellprotected through lifes evolving circumstances."
How does the use of lagged variables impact the accuracy of time series analysis for stock market forecasting?,"Lagged variables, which are past values of a variable, are used in time series analysis to capture historical trends and relationships that can help make more precise predictions about future stock market trends."
How does thirdparty motor insurance differ from comprehensive motor insurance?,"ThirdParty Motor Insurance Imagine driving with a safety net, but only for others. This legally mandated insurance protects you from financial liabilities you cause towards third parties people, vehicles, and property in an accident. If you hit someones car or injure a pedestrian, their expenses are covered. However, your own cars damage remains entirely your responsibility, regardless of whos at fault. This option usually comes with lower premiums due to its limited scope. It might be suitable for older vehicles, occasional drivers, or budgetconscious individuals who prioritize basic legal compliance. Comprehensive Motor Insurance Think of this as a fullfledged armor for both you and your car. It goes beyond thirdparty coverage by safeguarding both your own vehicle and third parties in various situations. If you accidentally damage your car, experience theft, face natural disaster losses, or cause an accident, youre financially protected. This comprehensive safety net comes with higher premiums due to its wider coverage. Its ideal for new car owners, frequent drivers, and individuals seeking complete protection for their vehicle and potential legal liabilities. The Key Difference The crucial distinction lies in the scope of coverage. Thirdparty acts as a legal shield for others, while comprehensive adds your own car as part of the protective bubble. Choosing the Right Fit The best option depends on your unique needs and budget. Consider these factors Car Value For expensive vehicles, comprehensive coverage might be more costeffective in the long run, avoiding hefty repair costs. Driving Frequency Frequent driving increases accident risks, making comprehensive coverage more relevant. Risk Tolerance How comfortable are you with potentially bearing repair costs if you opt for thirdparty insurance? Remember Thirdparty insurance fulfills the legal requirement but leaves you financially exposed for your own car. Comprehensive insurance offers wider protection but comes at a higher cost. Weigh your needs, budget, and risk tolerance before choosing a plan. Consulting a financial advisor or insurance agent can help you navigate the options and make an informed decision."
What are the potential risks associated with momentum investing based on stock price momentum?,"Risks include overvalued stocks, sudden reversals in price momentum, and the possibility of missing out on undervalued opportunities while focusing solely on stocks with positive momentum."
What are some common trading strategies based on stock price momentum?,"Common trading strategies based on stock price momentum include trend following, breakout trading, momentum trading, and mean reversion trading."
Can I withdraw partially from LIC policies for the girl child for specific financial needs?,"Partial withdrawals from LIC policies may be allowed, and these funds can be utilized for specific financial needs related to the girl child."
What is volume analysis in stock trading?,Volume analysis in stock trading is the examination of the number of shares traded in a particular security over a specific time period.
What role does consumer confidence play in stock trading models?,Consumer confidence reflects the sentiment of consumers towards the economy. A high level of consumer confidence can indicate increased spending and potentially higher stock prices.
How do templates assist in the loss adjustment process for insurance companies?,"Templates play a crucial role in the loss adjustment process for insurance companies by providing a standardized format for producing loss adjustment documents. Loss adjustment templates help expedite the assessment of liability, ensuring a quicker settlement for clients. These templates contribute to consistency and accuracy in the loss adjustment process."
Can pair trading be automated using algorithmic trading systems?,"Yes, pair trading can be automated using algorithmic trading systems that execute trades based on predefined criteria, market signals, and risk management parameters to capitalize on arbitrage opportunities efficiently."
How can adaptive trading algorithms handle sudden market shocks or black swan events?,"Adaptive trading algorithms can incorporate risk management protocols, such as circuit breakers, dynamic position sizing, and volatility filters, to mitigate the impact of sudden market shocks or black swan events."
How can sentiment analysis be used to gauge investor confidence in the market?,"Sentiment analysis can be employed to gauge investor confidence in the market by tracking sentiment indicators such as bullishbearish sentiment, feargreed index, and sentiment surveys conducted among investors."
How do pattern recognition algorithms aid in anomaly detection for stock prices?,"Pattern recognition algorithms analyze historical stock price patterns and trends to detect anomalies by flagging deviations from normal price behavior, assisting traders in spotting irregularities in market movements."
Is the grace period for missed premiums longer than competitors?,LIC typically provides a grace period for premium payments. Comparing this grace period with competitors involves checking the terms and duration offered by each company. Understanding the grace period is crucial to avoid policy lapses and ensure continued coverage.
How do market participants react to abrupt changes in stock price momentum?,"Market participants may react to abrupt changes in stock price momentum by adjusting their positions, implementing new trading strategies, or reassessing their investment thesis based on the evolving market conditions."
What are the different types of life insurance plans available in India?,"India offers a diverse range of life insurance plans to cater to various needs and financial goals. Heres a breakdown of the most common types Traditional Life Insurance Term Life Insurance Provides pure financial protection in case of the policyholders death. Affordable and ideal for basic coverage needs. No maturity benefit. Endowment Plans Combine life cover with a savings component. Pays a lump sum on maturity along with the death benefit. Premiums are typically higher than term plans. Whole Life Insurance Provides lifelong coverage and builds cash value over time. Premiums are higher than term plans, but you get a maturity benefit along with death protection. InvestmentLinked Life Insurance Unit Linked Insurance Plans ULIPs Combine marketlinked investments with life cover. Premiums are invested in different funds, offering the potential for higher returns but also market risks. Suitable for longterm wealth creation with life cover. Child Plans Specifically designed to secure your childs future needs like education and marriage. Offer guaranteed payouts at crucial stages like college admission or wedding. Retirement Plans Help build a retirement corpus through regular premiums. Offer tax benefits and guaranteed payouts upon retirement. Secure your financial independence in your golden years. Other Specialized Plans Critical Illness Insurance Covers financial losses arising from accidental injuries or critical illnesses. Ensures financial security and protects your loved ones future. Personal Accident Insurance Offers financial protection in case of accidents, providing compensation for medical expenses, disability income, and lump sum payouts. Choosing the Right Plan Consider these factors when selecting a life insurance plan Needs and Goals Identify your primary needs protection, savings, wealth creation and financial goals. Budget Choose a plan that aligns with your premium affordability. Coverage Ensure the sum assured provides adequate financial protection for your dependents. Policy Term Select a term that matches your needs, like childs education or retirement planning. Riders Consider optional riders for broader coverage like accidental death or critical illness."
How do regulatory bodies monitor and address anomalies in stock prices?,"Regulatory bodies use surveillance systems, data analysis tools, and market oversight to monitor anomalies in stock prices, investigate suspicious activities, and enforce compliance with trading regulations."
What are the eligibility criteria for LICs Cancer Cover Plan?,"LICs Cancer Cover Plan Plan No. 905, UIN No. 512N314V03 has specific eligibility criteria that potential policyholders need to meet. The minimum age at entry is 20 years, with a maximum of 65 years. The policy term ranges from a minimum of 10 years to a maximum of 30 years, and the age at maturity should be between 50 and 75 years. The minimum premium amount is Rs. 5000 per annum for all modes of payment. Additionally, the basic sum insured varies based on age categories, ranging from Rs. 35,00,000 to Rs. 50 lakhs. The plan offers flexibility with two benefit options  Level Sum Insured and Increasing Sum Insured. Policyholders should carefully consider their specific needs when choosing the type of Sum Insured at the inception, as premium and benefits vary accordingly."
Summarize the key points to consider when receiving an insurance policy document.,"Personal Details Accuracy Verify the accuracy of personal information, including name, address, age, employment, and medical history. Incorrect details can lead to claim rejections, and any changes must be promptly communicated. Benefits Confirmation Thoroughly review the benefits covered in the policy document to ensure alignment with communicated information. Check for mandatory benefit illustrations to understand policy returns computation. Policy Schedule Check Examine the policy schedule, covering sum assured, premium amount, and payment frequency. Report any errors immediately to the insurance company. LockIn Period Awareness Understand the lockin period, during which policy withdrawal is restricted. Familiarize yourself with surrender terms to avoid potential losses. Exclusions and Riders Review Carefully read the exclusion section, identifying circumstances not covered. Assess riders, such as accidental death benefits, to confirm they meet expectations. Remember that financial goals change, and policy adjustments may be necessary based on life events. Regularly review the policy document to ensure it aligns with evolving needs."
What risk management strategies are important when using trading signals?,"Risk management strategies such as setting stoploss orders, position sizing based on risk tolerance, and diversifying assets help traders protect capital and manage potential losses when following trading signals."
What unique riders are available with LIC compared to others?,"LIC provides various riders catering to specific needs, such as accidental death benefit, critical illness cover, and disability benefit. Comparing these riders with those offered by other companies involves assessing coverage, terms, and additional costs to determine uniqueness."
Explain the importance of insurance policy documentation for businesses today and its significance for an event tomorrow. Highlight the pros and cons of addressing or neglecting this aspect.,"Insurance policy documentation is crucial for businesses today and holds significance for future events. Heres why Importance for Businesses Today a. Assessment of Policies Allows businesses to review policy details, coverage amounts, and premium obligations for each insurance policy. b. Compliance Helps in complying with the specified provisions, rules, duties, and conduct outlined by insurers. c. Timely Payments Enables tracking of insurance start and end dates, ensuring timely premium payments. d. Risk Exposure Aids in assessing overall risk exposure by understanding the impact of insurance policies on the business. e. Gap Analysis Facilitates identifying any gaps in current insurance coverage, ensuring comprehensive risk management. f. Claims Process Provides clarity on the process of making claims under each policy. Importance for an Event Tomorrow a. Investor Evaluation Assists potential investors in evaluating the assets, risks, and the extent of insurance coverage. b. Policy Visibility Offers visibility into the number and nature of insurance policies held by the company. c. Financial Assessment Helps investors assess the frequency, cost, and legal obligations associated with each policy. d. Loss Compensation Allows understanding the financial compensation entitled to the company in case of a loss. e. Coverage Adequacy Evaluates if existing policies are sufficient or if additional coverage is needed. Pros of Addressing Insurance Policy Documentation a. Investor Clarity Provides investors with a clear understanding of the companys insurance coverage. b. Risk Mitigation Reduces the risk of policy lapse or cancellation by ensuring compliance with terms and renewal tracking. c. Business Continuity Assists in creating effective business continuity and disaster management plans. d. Transparency Enhances transparency between the company and insurers by documenting policy details. e. Legal Proof Acts as legal proof of ownership, aiding in case of potential disputes. Cons of Not Addressing This Topic a. Increased Workload Investors may face additional work to understand insurance coverage without clear documentation. b. Risk of Termination Higher risk of policy termination due to limited visibility of terms and compliance. c. Claims Difficulty Difficulty in claiming policy benefits due to unavailability of clear documentation. d. Expiry Tracking Issues Inability to track expiry and maturity dates of insurance policies. Addressing insurance policy documentation is crucial for maintaining transparency, ensuring compliance, and facilitating effective risk management for businesses. Neglecting this aspect can lead to increased risks, challenges in claims processing, and potential disputes."
Can news related to changes in government regulations influence a companys stock price?,"Yes, news about changes in regulations that can impact a companys operations or profitability can lead to significant changes in its stock price."
What impact does changes in exchange rates have on trading models integrating macroeconomic indicators?,"Exchange rate fluctuations influence international trade, investment decisions, and market volatility. Traders can monitor exchange rate changes to identify currency trends, assess risks associated with currency exposure, and optimize their trading strategies to benefit from currency movements."
What is the role of market surveillance algorithms in detecting anomalies in stock prices?,"Market surveillance algorithms continuously monitor market activities, identify suspicious trading behavior, and flag potential anomalies in stock prices to maintain market integrity and transparency."
Give some information about what information is included in the policy document?,"The policy document contains comprehensive details about the insurance policy, including terms and conditions, coverage, premium payment details, exclusions, and other crucial information. It serves as a legal contract between the policyholder and LIC, providing a thorough understanding of the policys features and obligations."
How does news about changes in commodity prices affect stock prices of companies in those industries?,"Changes in commodity prices can impact the stock prices of companies in industries like mining, energy, and agriculture. For example, a decline in oil prices may lead to lower stock prices for energy companies due to reduced revenues."
How accessible and responsive is LICs customer service compared to others?,"Assessing the accessibility and responsiveness of LICs customer service compared to other insurers involves considering factors like helpline availability, response time, and customer feedback. Policyholders can explore online reviews, customer testimonials, and industry surveys to gauge the level of satisfaction with LICs customer service. Additionally, direct interactions with customer service representatives can provide insights into the responsiveness of the support provided."
How do I pay my premiums?,"Premiums can be paid through various channels, including online payment through the LIC website, net banking, debitcredit card, or at the nearest LIC branch. Choose a convenient option that aligns with your preferences."
How many types of LIC policy available for students?,"LIC offers various policies suitable for students, including plans for education, savings, and protection. The specific types may vary, so its advisable to explore the available options based on individual needs."
"Expressing concerns, filing complaints, offering suggestions for improvement,","To express concerns, file complaints, or offer suggestions for improvement, contact LICs customer service through the designated channels. Utilize the official website, helpline numbers, or visit the nearest LIC branch for effective communication and resolution of concerns."
What is LICs claim settlement ratio compared to other leading companies?,"LIC consistently maintains a high claim settlement ratio, reflecting its commitment to honoring policy claims. Comparisons with other leading companies may vary, but LICs strong track record is indicative of its reliability in settling claims."
How do longterm investors use stock price momentum to inform their investment decisions?,"Longterm investors may use stock price momentum as a supplementary tool to identify entry and exit points for their investments, helping them optimize their portfolio allocation over time."
What are the major stock exchanges for stock trading?,"Major stock exchanges for stock trading include the New York Stock Exchange NYSE, NASDAQ, London Stock Exchange LSE, and Tokyo Stock Exchange TSE."
What are the limitations of using time series analysis for predicting stock market trends?,"Limitations include sensitivity to outliers, reliance on historical data, assumptions of linearity, and difficulty in capturing sudden changes or unpredictable events in stock prices."
Are there regulatory measures in place to monitor and detect anomalies in stock prices?,"Yes, regulatory bodies such as the Securities and Exchange Commission SEC monitor and detect anomalies in stock prices using market surveillance systems and tools to ensure fair and orderly trading practices."
What role does the exchange rate play in trading models integrating macroeconomic indicators?,"Exchange rates impact international trade, capital flows, and competitiveness, making them significant for traders assessing market opportunities and risks."
What are the key benefits of LIC policies for the girl child?,"LIC policies for the girl child offer benefits such as financial security, education support, and flexibility in utilizing policy proceeds for her future. These policies are designed to provide a secure financial foundation."
"Grace period, penalty charges, reinstatement procedures, etc,","Details about the grace period, penalty charges, reinstatement procedures, and related aspects can be found in the respective sections of the policy document. Familiarizing oneself with these details ensures compliance with payment timelines and avoids policy lapses."
What role does machine learning play in anomaly detection in stock prices?,"Machine learning algorithms can analyze vast amounts of historical data to identify patterns, trends, and anomalies in stock prices that may not be apparent through traditional analysis methods."
How do stock analysts use pricetoearnings ratios in predicting stock prices?,"Stock analysts use pricetoearnings ratios to evaluate the valuation of a company relative to its earnings and industry peers, which can help predict future stock price movements."
What are the key benefits of LIC policies for the girl child?,"LIC policies for the girl child provide essential advantages, including financial security, education support, and flexibility in utilizing policy proceeds for her future. These policies are strategically designed to establish a secure financial foundation, fostering a stable and empowered future for the girl child."
What are the benefits of having life insurance?,"The benefits of life insurance include providing financial security to loved ones, covering funeral expenses, paying off debts, replacing lost income, funding education, and leaving a legacy."
Can I name my girl child as the nominee in the LIC policy?,"Yes, you can designate your girl child as the nominee in your LIC policy. Naming her as the nominee ensures that, in the event of any unfortunate circumstance, the policy benefits directly go to her."
How can global economic events and geopolitical risks be integrated into trading models alongside macroeconomic indicators?,"Global economic events, such as trade disputes and geopolitical tensions, can impact financial markets and commodity prices, necessitating traders to consider broader macroeconomic factors in their models."
How does disability insurance work and why is it important?,Disability insurance provides income protection in case the insured is unable to work due to illness or injury. Its important because it helps replace lost income and maintain financial stability during a disability.
What is the difference between stocks and bonds?,"Stocks represent ownership in a company, while bonds represent a loan to a company or government."
How can machine learning techniques enhance quantitative momentum strategies?,"Machine learning techniques can enhance quantitative momentum strategies by optimizing parameter selection, improving model accuracy, identifying nonlinear patterns in data, and adapting to dynamic market conditions."
What are some indicators that can be used in conjunction with time series analysis to forecast market trends?,"Indicators like Relative Strength Index RSI, Moving Average Convergence Divergence MACD, Stochastic Oscillator, and Bollinger Bands can complement time series analysis by providing additional signals for predicting stock market trends."
Highlight the key features and flexibility of HDFC Lifes Click 2 Protect Life term plan.,"HDFC Lifes Click 2 Protect Life term plan stands out with its features and flexibility, offering Comprehensive Benefits Provides protection, longterm savings, and tax benefits based on selected product features. Transparent Benefit Illustrations IRDAImandated benefit illustrations explain how policy returns are calculated for informed decisionmaking. Detailed Policy Schedule Clearly outlines sum assured, premium amount, and payment frequency for a comprehensive understanding. Informed LockIn Period Informs policyholders about the lockin period and surrender terms, ensuring clarity during critical situations. Clear Exclusions and Optional Riders Highlights exclusions and allows customization with optional riders like accidental death benefits. The plan is designed to adapt to changing needs, offering flexibility to adjust coverage and premium payment terms. HDFC Lifes Click 2 Protect Life ensures policyholders stay wellprotected through lifes evolving circumstances."
How does sentiment analysis help in risk management and decisionmaking for traders?,"By incorporating sentiment analysis into risk assessment models, traders can better manage emotional biases, assess market sentiment risks, and make datadriven decisions based on sentiment signals."
What are some popular quantitative momentum indicators used by institutional investors?,"Popular quantitative momentum indicators used by institutional investors include Moving Average Convergence Divergence MACD, Relative Strength Index RSI, and OnBalance Volume OBV."
What are the key differences between shortterm and longterm stock price momentum?,"Shortterm stock price momentum is focused on capturing quick price movements over days or weeks, while longterm stock price momentum is centered around identifying sustained trends over months or even years, catering to different trading styles and objectives."
How can policyholders submit a claim report for damages?,Policyholders can submit a claim report for damages by filling out a claims form provided by their insurer and submitting it along with supporting documentation such as photos and receipts.
Why do insurance companies use templates for communication letters?,"Insurance companies utilize templates for communication letters, especially notifications, to save time and ensure a standardized format. These letters commonly include sections like the address, particulars of the recipient, date, body containing important information, and signoff. Templates help maintain consistency and reduce the likelihood of errors in communication."
How can seasonal trends impact stock price prediction?,"Seasonal trends can impact stock price prediction by influencing consumer behavior, company performance, and market dynamics, requiring analysts to consider these patterns in their predictions."
How can one purchase LIC Bima Jyoti?,"LIC Bima Jyoti can be purchased both online and offline. For online purchase, visit the official LIC website, select the Buy Online option, choose LIC Bima Jyoti, and follow the steps for document submission and premium payment."
How does the concept of mean reversion apply to pair trading strategies?,"Mean reversion suggests that assets that have deviated from their historical relationship are likely to revert back to their average, providing opportunities for pair traders to profit from the convergence of prices."
What information can be found in insurance policy documents?,"Insurance policy documents contain details about coverage terms, exclusions, premiums, deductibles, policy limits, and contact information for the insurer."
How do regulatory bodies detect and address anomalies in stock prices?,"Regulatory bodies employ surveillance systems and sophisticated algorithms to monitor stock markets for unusual trading activities, investigate potential violations, and take regulatory actions as necessary."
What are the eligibility criteria for LIC Bima Jyoti?,"The eligibility criteria for LIC Bima Jyoti include a minimum sum assured of Rs.1 lakh with no maximum limit, entry age ranging from completion of 90 days to 60 years, maturity age from completion of 18 years to 75 years, policy term of 15 to 20 years, and premium paying term of policy term  5 years."
How can the Producer Price Index PPI be utilized in trading models integrating macroeconomic indicators?,"The PPI can be used in trading models to assess cost pressures on businesses, anticipate changes in consumer prices, and gauge inflation expectations."
How can seasonality and cyclicality be identified and accounted for in time series analysis for stock market forecasting?,"Seasonality and cyclicality can be detected using methods like seasonal decomposition, Fourier transforms, and autocorrelation analysis, and adjusted for in forecasting models."
What is the impact of inflation on stock trading models?,Inflation can impact stock trading models by influencing interest rates and investor behavior based on the anticipated purchasing power of future returns.
What is the difference between onbalance volume OBV and volumeweighted average price VWAP?,"Onbalance volume OBV is a cumulative indicator that combines volume and price movements, while volumeweighted average price VWAP calculates the average price a security has traded at throughout the day, weighted by volume."
What is an insurance claim and how does the process work?,"An insurance claim is a formal request made by the policyholder to the insurance company for coverage or compensation for a covered loss or event. The process involves reporting the claim, providing documentation, and working with the insurer to settle the claim."
How do traders use anomaly detection to detect market manipulation?,"Traders use anomaly detection to identify suspicious trading activities, such as coordinated price manipulation or insider trading, that could distort stock prices."
How can sentiment analysis be used in conjunction with technical analysis for trading decisions?,Sentiment analysis can complement technical analysis by providing additional insights into investor sentiment that can help traders make more informed decisions.
What role does investor psychology play in influencing stock price momentum?,"Investor psychology plays a significant role in influencing stock price momentum, as market sentiment, fear, and greed can drive momentum trends and impact trading behavior."
Summarize the key points and steps to understand a life insurance policy document fully.,"Understanding a life insurance policy document involves several crucial steps Benefits of a Life Insurance Policy a. Protection Full sum assured is available in the event of death, provided premiums are paid. b. Saving Can be used for future savings, such as for education or retirement. c. Discipline Encourages disciplined savings with periodic premium payments. Parties in a Life Insurance Policy a. Proposer Purchaser and premium payer, the policy owner with access to policy information. b. Insured Person on whose name the policy is purchased, and on whose death, the policy pays. c. Beneficiary Receives the death benefit upon the insureds demise. Benefits of a Policy Document a. Promise Represents the policyholders promise to achieve planned goals in a disciplined manner. b. Covers All Details Contains all policy benefits, terms, and conditions. Key Parts of a Policy Document a. Policy Schedule Includes sum assured, premium amount, and payment frequency. b. Benefit Illustration Shows returns at different rates and how the investible portion is computed. c. Death Benefit Describes the details and exclusions of the death benefit. d. Free Look Period Allows returning the policy within a specified period for a refund. e. Unit Linked Product Details the investment fund in unitlinked products. f. Legal Language Policies include a definitions section for clarity. Understanding the Legal Language a. Policies are written in legal language, and a definitions section clarifies terms used. Nomination a. The policyholder can nominate individuals to receive the policy benefit in case of death. Claims Section a. Provides instructions on how beneficiaries can make claims and options for receiving benefits. Claiming the Policy a. A lapsed policy can be reinstated through revival by paying due premiums and a penalty. LockIn Period a. A period during which the policyholder cannot exit or withdraw funds surrender may be an option. Tax Benefits a. Tax benefits on premium payment and maturity amount under the Income Tax Act, subject to prevailing laws. Bottom Line a. Financial goals change, necessitating a review of life insurance needs consider inflation when assessing goals. Its essential to read the policy document thoroughly, seek clarification on legal terms, and periodically review your coverage to align it with changing financial goals."
How can event studies help predict stock prices around corporate events?,"Event studies analyze how stock prices react to corporate events like earnings announcements, mergers, or product launches, providing insights into how these events may impact stock prices and aiding in prediction."
Can a product recall lead to a drop in a companys stock price?,"Yes, a product recall usually results in a decrease in a companys stock price due to potential damage to the brands reputation, financial losses from the recall process, and reduced consumer trust in the companys products."
What are the different sections of the document?,"Policy documents usually have sections covering policy details, terms and conditions, benefits, exclusions, premium payment information, and contact details. Each section serves a specific purpose and contributes to a comprehensive understanding of the policy."
How do I update my address or nominee details?,"To update address or nominee details, policyholders can fill out the required forms available on LICs official website or visit the nearest LIC branch. The forms typically include sections for updating personal information, and policyholders may need to provide supporting documents, such as proof of address or identity. After submitting the form and documents, the records will be updated accordingly."
How do I update my address or nominee details?,"To update address or nominee details, contact LIC through their customer service helpline or visit the nearest LIC branch. Follow the specified procedures and submit the required documents for a seamless update process."
How can historical data be used in predictive modeling for options trading?,"Historical data in options trading can be used in predictive modeling to identify patterns, trends, and correlations that can help predict future price movements of options and make better trading decisions."
"How do the tax benefits of LIC policies compare to competitors, both for premiums and payouts?","Tax benefits of LIC policies, including deductions on premiums and taxfree payouts, can vary based on the prevailing tax laws. Comparing these benefits with those offered by competitors involves reviewing the tax implications of their policies. Policyholders can refer to the respective policy documents, consult with tax professionals, or explore official tax authorities guidelines to understand the comparative tax benefits associated with LIC policies and those of competitors."
Can trading volume help predict potential breakouts or breakdowns in stock prices?,"Yes, trading volume can help predict potential breakouts or breakdowns in stock prices as significant changes in volume often precede major price movements, providing early signals for traders to anticipate market shifts."
"Where can I find specific information, like premium due dates or loan eligibility?","For specific details such as premium due dates or loan eligibility, refer to the respective sections in the policy document. Additionally, reaching out to LICs customer service or visiting the official website may provide the required information."
How do traders handle the challenge of overfitting in developing statistical arbitrage models?,"Traders combat overfitting by using outofsample testing, crossvalidation techniques, robust statistical methods, regularization techniques, and by focusing on fundamental economic relationships to develop more robust and reliable statistical arbitrage models."
How can one purchase LICs Cancer Cover Plan online?,"The plan can be purchased online by visiting the official LIC website, selecting the Buy Online option, choosing LICs Cancer Cover Plan, and following the steps for document submission and premium payment."
What types of insurance are typically included in a business owners policy BOP?,"A business owners policy typically includes property insurance, liability insurance, and business interruption insurance, providing comprehensive coverage for small businesses."
What is crosssectional momentum in quantitative momentum strategies?,"Crosssectional momentum refers to ranking securities based on their relative performance compared to other securities in the same universe, rather than focusing on absolute performance metrics."
How should I adjust my trading strategy in a lowvolume market environment?,"In a lowvolume market, consider reducing position sizes, increasing patience in waiting for confirmations, and being cautious with illiquid stocks to avoid unfavorable executions."
Why is the unemployment rate considered an important macroeconomic indicator in trading models?,The unemployment rate can influence stock prices as lower unemployment levels may indicate a strong economy with higher consumer spending and business growth potential.
What are the different sections of the document?,"The policy document typically consists of sections such as Policy Details, Terms and Conditions, Premium Payment Information, Benefits and Coverage, Exclusions, and Riders if any. Each section serves a specific purpose, and policyholders should carefully review all sections to grasp the full scope of their insurance coverage and obligations."
How does price momentum factor into quantitative momentum strategies?,Price momentum refers to the trend of a stocks price over a specific period and is a key factor in quantitative momentum strategies as it indicates whether a stock is gaining or losing momentum.
How long does it take to process a claim?,"Claim processing time varies based on the complexity of the case. LIC aims to settle claims promptly, and the duration can range from a few weeks to a couple of months. Regularly following up with LIC can help track the status of the claim."
How is insurance premium calculated?,"The calculation of an insurance premium involves several factors, making it somewhat complex but ultimately based on the insurers assessment of your risk as a policyholder. Heres a breakdown of the key elements 1. Base Rate This forms the foundation of your premium and is determined by the type of insurance youre seeking e.g., car, health, home. It reflects the inherent risk associated with that category, considering historical data and claim frequency. 2. Risk Factors These are personal characteristics or circumstances that influence your individual risk profile and can adjust your premium up or down from the base rate. Common examples include Age Younger drivers or individuals with certain health conditions might see higher premiums. Location Areas with higher crime rates or natural disaster risks might lead to increased premiums. Claims history A history of filing claims can indicate a higher risk and result in higher premiums. Driving record Traffic violations or accidents can increase car insurance premiums. Property features Newer homes with safety features might attract lower premiums compared to older ones. Coverage amount Choosing a higher sum insured for your belongings or property naturally increases the premium. 3. Additional Considerations Discounts Insurers might offer discounts for various factors like bundling multiple policies, opting for safety features, or maintaining a clean driving record. Company Expenses Operational costs, marketing, and agent commissions also factor into the final premium calculation. Putting it Together Imagine the base rate as a starting point. Each risk factor acts like a slider, moving the premium up or down based on your specific profile. Discounts can then bring the premium down further, while company expenses add to the final figure. Remember The exact calculation method varies between insurers, and their proprietary models might consider other factors. Its important to compare quotes from different insurers to find the best combination of coverage and price based on your individual risk profile. While a lower premium might be tempting, ensure the coverage adequately reflects your needs to avoid being underinsured in case of a claim."
How does term life insurance differ from whole life insurance?,"When it comes to life insurance, both term and whole life options provide financial protection for your loved ones upon your passing. However, their approaches and benefits differ significantly, so choosing the right plan depends on your specific needs and goals. Heres a breakdown of the key distinctions Term Life Insurance Think of it as a safety net Provides temporary coverage for a set period e.g., 10, 20, 30 years. Pure protection Pays a lump sum benefit to your beneficiaries if you pass away within the chosen term. Affordable premiums Lower cost due to the temporary nature of the coverage. No maturity benefit If you outlive the term, the policy expires with no payout. Ideal for Specific needs like covering a mortgage or supplementing child education expenses during your working years. Whole Life Insurance Combines protection and savings Offers lifelong coverage while building cash value over time. Dual benefits Pays a death benefit to your beneficiaries upon your passing, plus the accumulated cash value. Higher premiums Accounts for both insurance and investment components. Maturity benefit If you live past the policy term, you receive the cash value alongside any accumulated interest. Ideal for Lifelong protection and longterm wealth creation for retirement, inheritance, or other financial goals. Key Differences Focus Term prioritizes affordability and temporary protection, while whole life combines protection with longterm savings. Premiums Term has lower premiums, while whole life requires higher payments due to the cash value element. Coverage duration Term offers temporary coverage for a chosen period, while whole life covers you for as long as you live. Maturity benefit No payout with term if you outlive the term, while whole life gives you the accrued cash value. Choosing the Right Option Ultimately, the best choice depends on your individual circumstances. If you need affordable protection for a specific timeframe, term life is suitable. If you prioritize lifelong coverage and building wealth for the future, whole life might be a better fit. Consider your budget, desired coverage duration, and financial goals before making a decision. Consulting a financial advisor can help you assess your needs and recommend the most suitable life insurance plan for you."
How can traders distinguish between real liquidity and artificial liquidity in the market?,Traders can distinguish between real liquidity and artificial liquidity by examining the depth of the order book and monitoring trading volume to assess the true market supply and demand.
What role does volume play in stock price momentum analysis?,"Volume is crucial in stock price momentum analysis as it confirms the strength of the price movement  high trading volume validates the momentum, while low volume may signal a potential reversal."
Can news about a competitor impact a companys stock price?,"Yes, news about a competitor launching a new product or securing a large contract can potentially impact a companys stock price if investors believe it will affect their market share."
How does sector rotation play a role in quantitative momentum strategies?,"Sector rotation is a strategy that involves moving investments between different sectors of the economy based on their momentum and cyclical trends. In quantitative momentum strategies, sector rotation can be used to capitalize on trends within specific sectors that are exhibiting strong momentum."
What information is included in the policy document?,"Policy documents typically include details about the policyholder, coverage, premium payments, terms and conditions, exclusions, and other relevant information. It is essential to thoroughly read and understand the policy document to grasp all the aspects of the insurance coverage."
Exclusions for the Accidental Death Benefit Rider,"Exclusions for the Accidental Death Benefit Rider may include death resulting from preexisting conditions, selfinflicted injuries, or engaging in hazardous activities. Policyholders should carefully review the riders terms to understand the exclusions."
What role does machine learning play in adaptive trading algorithms?,Machine learning enables adaptive trading algorithms to learn from historical data and continuously optimize their strategies to adapt to market dynamics.
Free Look Period,"A free look period is a specified duration after purchasing an insurance policy during which the policyholder can review the terms and conditions. If dissatisfied, the policy can be canceled, and the premium is refunded, excluding some nominal expenses."
What is the purpose of an insurance claim?,An insurance claim is a formal request made by the policyholder to the insurance company for coverage or compensation for a covered loss or event. The purpose of an insurance claim is to receive financial assistance to recover from the loss or damage covered by the insurance policy.
How can traders use volume analysis in conjunction with other technical indicators for more accurate trading signals?,"Traders can combine volume analysis with indicators such as moving averages, relative strength index RSI, and Fibonacci retracement levels to confirm signals, identify divergences, and enhance the overall accuracy of trading decisions."
Is the policy term length flexible and aligned with my financial planning horizon?,"LIC policies often offer flexibility in choosing policy terms. To align with your financial planning horizon, explore policy options that provide the desired term flexibility. Carefully review the policy details to understand the available term options and choose accordingly."
When should you consider selling a stock?,"You should consider selling a stock when it reaches your target price, the fundamentals of the company change negatively, or if you need to rebalance your portfolio."
How does moving averages help in forecasting stock market trends using time series analysis?,"Moving averages smooth out price fluctuations, making it easier to identify trends and potential reversals in the market."
What are some common pitfalls to avoid when responding to stock price momentum?,"Overtrading, ignoring risk management principles, and failing to adapt to changing market conditions are common pitfalls to avoid when responding to momentum."
Does LIC offer online policy management tools that competitors lack?,"LIC provides online policy management tools, allowing policyholders to access information, pay premiums, and perform other transactions online. While competitors may offer similar features, evaluating the userfriendliness and functionalities can help determine the effectiveness of LICs online tools."
"Where can I find specific information, like premium due dates or loan eligibility?","Specific information, such as premium due dates or loan eligibility, can be found in the respective sections of the policy document. Policyholders are encouraged to refer to the Premium Payment Information section for details on due dates and the Loan Eligibility section for information related to policy loans. In case of any uncertainty, contacting LICs customer service or visiting the official website can provide additional assistance."
How does pair trading differ from traditional stock trading strategies?,"Pair trading involves simultaneously buying and selling two correlated securities, while traditional stock trading involves buying or selling individual securities."
What role do candlestick patterns play in generating trading signals?,"Candlestick patterns represent price action and can signal potential trend reversals or continuations. Traders look for specific patterns, such as doji, hammer, or engulfing patterns, to make informed trading decisions."
How does stock trading differ in a bull market versus a bear market?,"In a bull market, stock prices rise, creating an optimistic investing environment, while in a bear market, prices decline, leading to pessimism and a focus on preserving capital rather than aggressive trading."
What role does seasonality play in time series analysis for stock market forecasting?,"Seasonality refers to recurring patterns or trends in stock prices that occur at specific times of the year. By analyzing seasonal patterns in historical data, traders can predict potential market movements and adjust their trading strategies accordingly."
How does insurance underwriting work?,"Insurance underwriting is the process of evaluating the risk and determining the premium for an insurance policy. Underwriters assess various factors such as the applicants age, health status, occupation, lifestyle, and claims history to decide whether to issue a policy and at what cost. ,"
How can policyholders request a claim report?,"Policyholders can request a claim report by contacting their insurance provider directly through phone, email, or the insurers online portal."
How do adaptive trading algorithms adapt to changes in market regimes?,Adaptive trading algorithms use pattern recognition and statistical models to detect shifts in market regimes and adjust their strategies accordingly.
Where can I find more information about my specific policy?,"For detailed information about a specific policy, policyholders can refer to the Policy Details section in the policy document. Additionally, LICs official website and customer service channels provide valuable information. Policyholders can contact LICs customer service, visit the nearest LIC branch, or log in to their online accounts to access policyrelated information, including coverage details, premium due dates, and other relevant data."
What are the key features of a good health insurance plan?,"Individual and Family Health Insurance Coverage Protects against individual or collective illness, hospitalization, surgeries, critical illnesses, accidents, and even preexisting conditions. Flexibility Choose from various sum assured options and policy terms to fit your budget and needs. Critical Illness Insurance Focus Offers a substantial lump sum payout upon diagnosis of a covered critical illness like heart attack, cancer, or stroke. Benefit Provides financial assistance for treatment and helps manage the burden of a critical illness. Senior Citizen Insurance Tailored Designed specifically for senior citizens, covering agerelated diseases, illness, hospitalization, and surgeries. Security Offers peace of mind with coverage addressing specific health concerns of older adults. Super TopUp Plan Enhancement Provides additional coverage on top of your existing health plan when the initial sum insured falls short. Value Ideal for people with high healthcare expenses, ensuring comprehensive coverage. Group Health Insurance Efficiency Covers a group of employees or association members, offering standardized coverage for illness, hospitalization, accidents, and preexisting conditions. Convenience Often offered by employers, providing economical coverage for group members. Additional Coverage Options Maternity Coverage Helps manage pregnancyrelated expenses, including delivery, prenatal care, and newborn medical costs. Accidental Death Benefit Provides financial security to your family in case of your accidental death. Income Loss Benefit Offers a financial safety net in case of disability due to accident or illness. Optional Riders Customize your plan with riders covering specific needs like ambulance charges, daily cash allowance during hospitalization, or dental care. Choosing the Right Plan Beyond understanding the types, consider these crucial factors for a good health insurance plan Sum Assured Ensure it adequately covers anticipated medical expenses. Premium Find a plan that fits your budget while offering valuable benefits. Network Hospitals Opt for a plan with a network including hospitals you prefer. Claim Settlement Process Choose a plan with a clear and hasslefree claim process. Preexisting Conditions Disclose them and consider plans that cover them. Deductible Understand the amount you pay upfront before claims are covered. Exclusions Be aware of any exclusions applicable to the plan. Policy Renewability Ensure the plan is renewable and understand the terms. Claim Bonus Look for plans that reward claimfree years."
What is Policy Extension?,"Policy Extension refers to the provision in an insurance policy that allows the policyholder to extend the coverage beyond the original policy term. It provides continuity of coverage for a specified period, offering additional protection and benefits."
What is the importance of nomination in a life insurance policy?,"Nomination in a life insurance policy is crucial as it allows the policyholder to specify individuals who will receive the policy benefits in case of the insureds death. This ensures a smooth and clear settlement of claims, avoiding complications in identifying the rightful recipients."
What are some key factors to consider when designing a predictive model for derivatives trading?,"Key factors to consider include the choice of predictive variables, model selection, data preprocessing techniques, and evaluation metrics to assess the performance of the model."
What is exponential smoothing and how is it used in time series analysis for stock trading?,"Exponential smoothing assigns exponentially decreasing weights to past observations, giving more importance to recent data points when forecasting market trends."
What data sources are useful for conducting statistical arbitrage analysis?,"Data sources such as historical stock prices, volume data, financial statements, and market indicators are useful for conducting statistical arbitrage analysis and identifying potential trading opportunities."
"Define ""Clinical Guidelines"" and describe their key characteristics.","""Clinical Guidelines"" are statements of good practice in the treatment and care of patients. Ratified at trust or local level, they provide detailed statements of what, when, and how. Reflecting evidencebased practices, they allow for deviation under specific circumstances, require frequent reviews at least annually, and are ratified at appropriate Clinical Committees."
What are technical indicators commonly used in stock price prediction?,"Common technical indicators include moving averages, Relative Strength Index RSI, and Bollinger Bands."
What are the implications of trading during market hours versus after hours?,"Trading during market hours provides more liquidity and price transparency, while afterhours trading can have lower volume and wider bidask spreads. Traders should be aware of the risks associated with afterhours trading, such as increased volatility."
"Define an """"Organisationwide Policy"""" and outline its key characteristics.","An """"Organisationwide Policy"""" is a ratified corporate plan of action that applies to all relevant staff. It serves as a legally binding document, providing a consistent framework for Trust action. These policies address Trustwide issues, are ratified by the Board or delegated Committee, require an Equality Impact Assessment, and are reviewed at least every three years."
Where can I find more information about my specific policy?,"For detailed information about a specific policy, refer to the policy document, visit the official LIC website, or contact LICs customer service. These sources provide comprehensive details about policy features, benefits, and other relevant information."
What role does market breadth play in quantitative momentum strategies?,"Market breadth refers to the number of securities participating in a market rally or decline. In quantitative momentum strategies, strong market breadth can indicate broadbased momentum across multiple securities, confirming the strength of the overall trend."
How do geopolitical events and global economic factors impact stock price prediction?,"Geopolitical events and global economic factors can impact stock price prediction by creating uncertainty, influencing investor sentiment, and triggering market volatility based on geopolitical risks or economic policies."
How do traders determine the optimal entry and exit points for pair trading?,"Traders often use statistical models, such as mean reversion strategies, to identify overvalued and undervalued assets within a pair and determine entry and exit points."
What is the significance of the lockin period in an insurance policy?,"The lockin period in an insurance policy is essential as it denotes a duration during which the policyholder cannot exit or withdraw funds. This ensures commitment to the longterm nature of the insurance contract, preventing premature exits and maintaining the policys stability."
How can sentiment analysis be integrated with technical analysis for stock trading?,Traders can combine sentiment analysis with technical indicators to validate trading signals and make more informed decisions based on both sentiment and price action.
What is a bearish divergence in trading and how can it be used as a signal?,"A bearish divergence occurs when the price makes a higher high while the indicator such as RSI or MACD makes a lower high, signaling a potential trend reversal and a sell signal for traders."
How do central bank policies influence trading models that integrate macroeconomic indicators?,"Central bank policies, such as interest rate changes and quantitative easing programs, can impact currency values and market liquidity, shaping trading strategies."
"Tax benefits of premiums and maturity payouts in investmentlinked plans, Updating beneficiaries, address changes, addingremoving riders, etc.,","For information on tax benefits in investmentlinked plans and details on updating beneficiaries, address changes, addingremoving riders, etc., refer to the relevant sections of the policy document. Following the specified procedures ensures accurate and timely updates."
What role does market efficiency play in pair trading strategies?,"Market efficiency influences pair trading strategies as traders aim to exploit inefficiencies or mispricings between correlated instruments, leveraging statistical models and analysis to identify profitable opportunities."
Does LIC offer online policy management tools that competitors lack?,"LICs online policy management tools can provide policyholders with convenient options for managing their policies. Comparing these tools with those offered by competitors involves evaluating features such as online premium payment, policy updates, and claim tracking. Policyholders can explore the respective online portals and apps of LIC and its competitors to assess the availability and functionality of online policy management tools."
How can traders differentiate between a pullback and a trend reversal when analyzing stock charts?,"Traders should look for key technical indicators, volume trends, and pattern formations to distinguish between a temporary pullback and a potential trend reversal before making trading decisions."
What if I lose my policy document?,"In case of a lost policy document, notify LIC immediately. The process to obtain a duplicate policy document involves submitting a written request, providing necessary details, and paying a nominal fee. Refer to the policy document or contact LIC for precise instructions."
What are life insurance riders?,"Life insurance riders are supplementary provisions that policyholders can add to their base life insurance policies to customize coverage. Riders offer additional benefits such as enhanced death benefits, coverage for critical illnesses, and waiver of premium."
What considerations are important when trading IPOs?,"Important considerations when trading IPOs include understanding the companys business model, growth potential, lockup periods, valuation, underwriters, and market sentiment."
What is a stock split?,A stock split is a corporate action in which a company divides its existing shares into multiple shares to increase liquidity and make the stock more affordable.
Summarize the key points to consider when receiving an insurance policy document.,"Personal Details Accuracy Ensure accurate personal information, promptly reporting any errors. Benefits Confirmation Review covered benefits for alignment with communicated details. Policy Schedule Check Verify sum assured, premium amount, and payment frequency for accuracy. LockIn Period Awareness Understand and note the lockin period, restrictions, and surrender terms. Exclusions and Riders Review Carefully read exclusions, assessing optional riders for added coverage. Regular Policy Review Periodically reassess the policy to align with evolving financial goals and personal circumstances. Regular reviews facilitate informed decisionmaking and keep policies aligned with changing needs. Instruction Highlight the features and flexibility of HDFC Lifes Click 2 Protect Life term plan. HDFC Lifes Click 2 Protect Life term plan stands out with Multiple Benefits Offers protection, longterm savings, and tax advantages. Benefit Illustrations Mandatory benefit illustrations provide transparency on return computations. Policy Schedule Details Clearly outlines sum assured, premium, and payment details. LockIn Period Information Informs about the lockin period and surrender terms. Exclusion and Riders Clarity Clearly communicates exclusions and offers optional riders for customization. The plan adapts to changing needs, allowing flexibility in coverage, premium terms, and additional features."
Is personalized agent support from LIC a significant advantage over onlinefocused competitors?,"Personalized agent support from LIC can be advantageous for those who prefer a guided approach to insurance. While onlinefocused competitors may offer selfservice options, the value of personalized guidance can be subjective and depends on individual preferences."
"Should I sell a stock if analysts downgrade it to a ""sell"" rating?","Consider the reasoning behind the downgrade, assess the companys fundamentals and future prospects, and make a decision based on your investment strategy."
What type of information is typically included in claims reports?,"Claims reports typically include details about the incident, claim number, date of loss, description of damages, adjusters notes, and the status of the claim."
"How do the tax benefits of LIC policies compare to competitors, both for premiums and payouts?","Tax benefits for LIC policies, including deductions on premiums under Section 80C and taxfree payouts under Section 1010D, are competitive. Comparing these benefits with those offered by competitors involves assessing the specific tax implications of each policy."
In what ways can machine learning and AI technologies enhance the effectiveness of quantitative momentum strategies?,"Machine learning and AI technologies can enhance the effectiveness of quantitative momentum strategies by analyzing large volumes of data, identifying complex patterns, and making faster and more accurate trading decisions."
What is a doji candlestick pattern and how is it interpreted as a trading signal?,"A doji candlestick pattern represents indecision in the market, with its opening and closing prices nearly identical, often signaling a potential reversal."
How does fundamental analysis help in predicting stock prices?,"Fundamental analysis helps in predicting stock prices by evaluating a companys financial health, management team, industry trends, and other factors that can impact its stock value."
What benefits are offered for EarlyStage Cancer?,"On the first diagnosis of specified EarlyStage Cancers, the plan provides a lump sum benefit of 25 of the Applicable Sum Insured and a Premium Waiver Benefit for the next three policy years."
What is Settlement Option?,"Settlement Option is a feature in life insurance policies where the policyholder, or the beneficiary in the case of the policyholders demise, can choose to receive the policy proceeds in installments instead of a lump sum. This option provides a steady stream of income over a specified period."
How can technical analysis help in predicting stock prices?,Technical analysis uses historical price and volume data to identify patterns and trends that can help predict future stock price movements.
What are some advantages of using statistical arbitrage strategies in stock trading?,"Some advantages of using statistical arbitrage include reduced reliance on market direction, potential for consistent profits from mispriced securities, and opportunities for diversification."
What are the common risks covered by general insurance policies?,"Motor Insurance Accidents Coverage for damages to the insured vehicle due to accidents. ThirdParty Liability Protection against legal liability for bodily injury or property damage to third parties. Health Insurance Hospitalization Reimbursement of medical expenses incurred during hospitalization. Critical Illness Coverage for specified critical illnesses and medical conditions. Outpatient Expenses Some policies cover outpatient medical expenses, including doctor visits and diagnostic tests. Home Insurance Property Damage Coverage for damages to the insured home or property caused by events like fire, natural disasters, or theft. Personal Belongings Protection for personal belongings within the insured property. Liability Coverage Protection against legal liability for injuries or damages to third parties on the insured property. Travel Insurance Trip Cancellation or Interruption Reimbursement for nonrefundable trip expenses due to unforeseen events. Emergency Medical Expenses Coverage for medical expenses incurred during travel. Lost Baggage Compensation for lost or delayed baggage. Personal Accident Insurance Accidental Death and Disability Lumpsum payment in case of accidental death or disability. Medical Expenses Reimbursement for medical expenses related to accidents. Commercial Insurance Property Insurance Protection for business property against damage or loss. Liability Insurance Coverage for legal liabilities arising from business operations. Business Interruption Compensation for financial losses due to interruptions in business operations. Cyber Insurance Data Breach Coverage for costs associated with a data breach, including notification, investigation, and credit monitoring. Cyber Extortion Protection against threats of cyber extortion and ransomware attacks. Liability Insurance Public Liability Coverage for legal liabilities arising from thirdparty injuries or property damage. Product Liability Protection against legal liabilities for injuries or damages caused by a faulty product. Marine Insurance Cargo Insurance Coverage for goods in transit, protecting against loss or damage during shipping. Event Insurance Event Cancellation Compensation for financial losses incurred due to the cancellation of planned events."
How can Monte Carlo simulation be used in predictive modeling for options trading?,"Monte Carlo simulation can be used in predictive modeling for options trading to generate multiple possible outcomes based on random sampling, helping traders assess the probabilities of different market scenarios."
What are the challenges of implementing adaptive trading algorithms?,"Challenges include data quality issues, overfitting, model complexity, hardware limitations, regulatory constraints, and the need for continuous monitoring and adjustment to ensure optimal performance."
How do traders identify pairs for statistical arbitrage strategies?,"Traders identify pairs for statistical arbitrage by analyzing historical price data, conducting correlation and cointegration tests, utilizing quantitative models, and monitoring sector relationships."
Can you explain the difference between life insurance and general insurance?,"Life Insurance Coverage Focus Life insurance provides coverage against the risk of death or, in some cases, survival for a specified period. The policy pays out a death benefit to the nominee or policyholders beneficiaries in case of the insured persons demise. Duration Life insurance policies can be either termbased, providing coverage for a specific term, or whole life policies that cover the insured person for their entire life. Benefit Payment The benefit is typically paid out in a lump sum or as periodic payments to the beneficiaries upon the death of the insured. Purpose The primary purpose of life insurance is to provide financial protection and support to the family or dependents of the insured in the event of the insureds death. Savings Component Some life insurance policies, such as whole life or endowment policies, may include a savings or investment component, allowing the policyholder to accumulate cash value over time. General Insurance Coverage Focus General insurance covers a broad spectrum of risks, excluding those related to life. It includes protection against various uncertainties, such as accidents, illnesses, property damage, liability, and other nonlife events. Duration General insurance policies are usually shortterm and provide coverage for a specified period. Benefit Payment The benefit payment in general insurance is made to compensate for financial losses suffered due to covered events. It may include repair or replacement of damaged property, reimbursement of medical expenses, or liability coverage. Purpose The purpose of general insurance is to mitigate financial losses and provide financial protection against unexpected events, excluding those related to life and death. Types of General Insurance General insurance includes various types such as health insurance, motor insurance, home insurance, travel insurance, liability insurance, and more."
Can quantitative momentum strategies be combined with other investment approaches?,"Yes, quantitative momentum strategies can be combined with other investment approaches such as value investing or fundamental analysis to create diversified portfolio strategies."
What is day trading?,Day trading involves buying and selling stocks within the same trading day with the goal of making quick profits.
How do market makers contribute to market liquidity?,"Market makers provide liquidity by continuously quoting bid and ask prices for securities, facilitating trading by ensuring there is always a counterparty willing to buy or sell."
How can seasonality in stock market data impact the accuracy of time series forecasts?,Seasonality in stock market data can introduce recurring patterns or fluctuations that may affect the accuracy of time series forecasts. Properly accounting for seasonality is important to make more precise predictions and avoid misleading results.
What if I lose my policy document?,"In case of a lost policy document, policyholders should immediately inform LIC and file a written request for a duplicate policy. The request should include details like the policy number, holders name, and a brief explanation of the loss. After verification, LIC will issue a duplicate policy document. Policyholders may need to pay a nominal fee for the duplicate copy. Contacting the nearest LIC branch or using online services can facilitate the process."
Explain the significance of the free look period in a life insurance policy.,"The free look period in a life insurance policy is significant as it allows policyholders to review the policy terms and features. During this period, if dissatisfied, the policy can be returned for a refund, promoting transparency and ensuring the policy aligns with the policyholders expectations."
Do any other companies offer attractive investment options within their plans?,"Several insurance companies, including LIC, offer investmentlinked plans providing opportunities for wealth creation. Comparing the investment options, returns, and associated risks with those of other companies helps determine the attractiveness of the offerings."
Why is selecting a nominee important when applying for life insurance?,"Selecting a nominee is crucial when applying for life insurance as it designates the person who will receive the sum assured after the policyholders death. While the spouse is often the default nominee, you can choose to add children or dependents, ensuring a clear and smooth claims settlement process."
Can machine learning algorithms be used to improve the accuracy of trading signals?,"Yes, machine learning algorithms can analyze vast amounts of data, identify patterns, and learn from historical trades to enhance the accuracy and predictive power of trading signals."
How can traders leverage data on consumer spending patterns to enhance their trading models?,"Consumer spending data offers insights into consumer behavior and overall economic activity. By analyzing spending patterns, traders can identify sectors poised for growth or decline and adjust their trading strategies accordingly."
What are some common challenges faced by investors when implementing quantitative momentum strategies?,"Challenges include data processing and interpretation, overfitting the model to past data, and the need for ongoing monitoring and adjustments to adapt to changing market conditions."
What are the key components of an insurance policy template?,"An insurance policy template consists of the following key components Declaration Agreements Definitions Exclusions Conditions These components outline details such as the insured individual or company, coverage limits, agreements, definitions of specific terms, exclusions, and the conditions under which the policy will be provided."
What types of insurance policies are commonly offered in India?,"Life Insurance Term Life Insurance Features Provides the simplest and most affordable form of life cover. Pays a lump sum to your beneficiaries in case of your death during the policy term. No maturity benefit. Benefits Ideal for protecting your loved ones financial future, especially if you have dependents. Affordable way to ensure a safety net. Endowment Plans Features Combines life cover with a savings component. Pays a lump sum on maturity along with the death benefit. Premiums are typically higher than term plans. Benefits Offers both protection and savings elements. Suitable for wealth creation and securing life goals like child education or retirement. Whole Life Insurance Features Provides lifelong coverage and builds cash value over time. Premiums are higher than term plans, but you get a maturity benefit along with death protection. Benefits Offers lifelong financial security for your loved ones. Cash value can be used for emergencies or additional income during retirement. Unit Linked Insurance Plans ULIPs Features Combines life cover with marketlinked investments. Premiums are invested in different funds, offering the potential for higher returns but also market risks. Benefits Potential for higher returns compared to traditional plans. Investment flexibility based on risk appetite. Suitable for longterm wealth creation with life cover. Child Plans Features Specifically designed to secure your childs future needs like education and marriage. Offers guaranteed payouts at crucial stages like college admission or wedding. Benefits Ensures childs financial security even in your absence. Helps plan for major milestones in their life. Retirement Plans Features Helps build a retirement corpus through regular premiums. Offers tax benefits and guaranteed payouts upon retirement. Benefits Secures your financial independence in your golden years. Taxefficient way to plan for postretirement life. General Insurance Health Insurance Features Covers medical expenses arising due to illness, hospitalization, and other treatments. Various plans cater to individuals, families, senior citizens, and specific critical illnesses. Benefits Protects you from financial burden of healthcare costs. Ensures access to quality medical care without compromising savings. Motor Insurance Features Mandatory for all vehicles. Covers thirdparty liabilities and damages to your vehicle due to accidents, theft, and natural disasters. Optional addon covers available. Benefits Provides financial protection against unforeseen events on the road. Ensures legal and financial compliance. Home Insurance Features Protects your home against fire, theft, natural disasters, and other unforeseen events. Covers building structure, contents, and additional features like personal liability. Benefits Safeguards your valuable asset against losses. Provides peace of mind knowing your home is protected. Travel Insurance Features Covers trip cancellations, medical emergencies, baggage loss, and other travelrelated mishaps. Different plans cater to domestic and international travel. Benefits Ensures a smooth and worryfree travel experience. Protects you from financial losses due to unforeseen circumstances. Personal Accident Insurance Features Covers financial losses arising from accidental injuries or death. Provides compensation for medical expenses, disability income, and lump sum payouts. Benefits Offers financial security in case of accidents, protecting your income and loved ones future. Fire Insurance Features Protects your property against fire damage and related losses. Covers building structure, contents, and additional features like loss of rent. Benefits Provides financial protection against firerelated losses, safeguarding your property and investments. Other Specialized Insurance Crop Insurance Protects farmers against crop losses due to natural disasters and pests. Ensures financial stability and supports their livelihood. Cyber Insurance Covers businesses against financial losses due to cyberattacks and data breaches. Protects sensitive information and business continuity. Marine Insurance Covers cargo and ships against damage or loss during maritime transportation. Ensures smooth and secure movement of goods across the seas."
Is personalized agent support from LIC a significant advantage over onlinefocused competitors?,"LICs personalized agent support provides policyholders with direct assistance and guidance. Comparing this personalized support with the onlinefocused model of competitors involves assessing individual preferences. Policyholders who prefer personalized interactions and assistance may find LICs approach advantageous. However, those who prefer a more selfserviceoriented approach may find onlinefocused competitors more suitable. Evaluating personal preferences and communication styles is crucial in making this comparison."
"Differentiate a ""Local Procedure"" from an organisationwide procedure and outline its characteristics.","A ""Local Procedure"" impacts a specific part of the Trust, approved locally, and focuses on how to implement a required standard of working within a local context. These procedures, which may contain flow charts, are reviewed at least annually and may be incorporated into a policy document."
Are there specific policies for renters and homeowners?,"Renters Insurance Focuses on protecting your personal belongings within your rented space furniture, electronics, clothes, etc. against fire, theft, natural disasters, and more. Includes liability coverage if someone gets injured in your rented space and youre legally responsible. More affordable than homeowners insurance due to its limited scope. Homeowners Insurance Offers comprehensive protection for both the structure of your home and your belongings against various risks like fire, theft, natural disasters, vandalism, and more. Includes personal liability protection and optional coverages like loss of rent, personal accident insurance, and electronic equipment breakdown protection. Typically comes with a higher price tag than renters insurance due to its wider coverage. Choosing the Right Option Renters Consider getting renters insurance to protect your belongings and mitigate potential liability risks. Homeowners Choose a homeowners insurance plan based on your property value, belongings, and desired level of protection. Consider optional coverages if needed. Remember Carefully review policy documents to understand inclusions, exclusions, and limitations. Compare quotes from different insurers for the best coverage at an affordable price. Consult a financial advisor or insurance agent for help choosing the right policy based on your needs and budget. By understanding these distinctions, you can make an informed decision to protect your property and belongings effectively, whether youre a renter or a homeowner."
Can sentiment analysis be used to predict shortterm market movements?,"Yes, sentiment analysis can be used to predict shortterm market movements by uncovering patterns in investor sentiment that may impact stock prices in the near future."
How does the benefit illustration section in a life insurance policy document help policyholders?,The benefit illustration section in a life insurance policy document helps policyholders understand how the return on their policy money will be calculated at different rates. It provides clarity on the expected returns and assists in making informed decisions based on the policys financial projections.
How is volume calculated in stock trading?,Volume is calculated by multiplying the number of shares traded in a particular transaction by the price at which the transaction occurred.
What is a bull market in stock trading?,"A bull market is a period of rising stock prices, typically marked by a 20 or more increase from recent lows. It is characterized by optimism and investor confidence."
What considerations are important when selecting securities for a quantitative momentum strategy?,"Factors to consider include liquidity, volatility, correlation with other assets, and fundamental factors that can complement momentum signals and enhance the effectiveness of the strategy."
How does the relationship between price movements and volume help traders in identifying potential breakouts in the stock market?,The relationship between price movements and volume can help traders identify potential breakouts by looking for price movements accompanied by increasing trading volumes. A breakout with high volume often signals strong market interest and potential continuation of the trend.
What are the key features of LIC Bima Jyoti?,"LIC Bima Jyoti offers guaranteed additions, making it suitable for conservative investors. Investing Rs.1 Crore results in an additional Rs.1 Crore at maturity through guaranteed additions, with no risk if all premiums are paid. Key features include a 25 increase in the sum assured after all premiums are paid, guaranteed additions at Rs.50 per 1000 sum assured annually, various premium payment options, availability of a loan feature, and the option to buy online or offline."
What does home insurance cover in India?,"Home insurance in India offers protection against various financial losses related to your property and its contents. Heres a breakdown of the typical coverage you can expect Structure Coverage Fire and allied perils Covers losses caused by fire, lightning, explosion, aircraft damage, riots, and strikes. Natural disasters Protects against damage caused by earthquakes, floods, storms, cyclones, and other natural calamities. Burglary and theft Reimburses the value of belongings stolen from your home during a breakin. Malicious damage Covers damage caused by vandalism or intentional acts of destruction. Contents Coverage Loss or damage to household belongings Protects furniture, electronics, appliances, and other personal items within your home. Jewelry and valuables Some policies offer special coverage for valuable items like jewelry, artwork, or electronics with additional premium payments. Additional Coverages may vary depending on the policy Public liability Protects you against legal liabilities if someone gets injured or their property gets damaged within your home. Personal accident Provides financial assistance in case of accidental death, disability, or medical expenses incurred by the insured or their family members within the home. Loss of rent Covers rental income loss if your property becomes uninhabitable due to a covered event. Electronic equipment breakdown Offers protection against sudden damage or breakdown of electronic appliances. Things to remember Coverage varies depending on the specific policy you choose. Always read the policy document carefully to understand the inclusions, exclusions, and limitations. The sum insured amount covered is crucial. Ensure it accurately reflects the value of your property and belongings. Consider adding riders for additional coverage like personal accident, loss of rent, or electronic equipment breakdown if needed. Compare quotes from different insurers to find the best coverage at an affordable premium."
Who should opt for the accidental death benefit and disability rider,Individuals seeking enhanced financial protection in the event of accidental death or disability should opt for the Accidental Death Benefit and Disability Rider. It provides additional coverage beyond the base life insurance policy.
Do independent agencies award higher financial strength ratings to LIC competitors?,"Financial strength ratings from independent agencies assess an insurance companys ability to meet financial obligations. Comparing these ratings between LIC and its competitors can provide an understanding of their financial stability. Such ratings are available from agencies like AM Best, Moodys, or SP Global. Policyholders can refer to these agencies reports or the respective company websites for comprehensive information on financial strength ratings."
How do industry trends and sector rotation affect stock price predictions?,"Industry trends and sector rotation refer to shifts in investor preference towards specific sectors, which can impact stock price predictions as investors reallocate capital based on changing market conditions."
What advantages do LIC policies offer specifically for the girl child?,"LIC policies for the girl child offer critical benefits, encompassing financial security, assistance for education expenses, and the flexibility to utilize policy proceeds for future needs. These policies are intricately crafted to establish a robust financial foundation, ensuring a secure and empowered future for the girl child."
Can predictive modeling be used for forecasting implied volatility surfaces in options trading?,"Yes, predictive modeling can be employed to forecast implied volatility surfaces, which represent the relationship between option prices and implied volatility levels across different strike prices and maturities."
What benefits does LIC Bima Jyoti offer for death?,"LIC Bima Jyoti provides a death benefit in case of the policyholders demise within the policy tenure. If death occurs after 5 policy years, the family can claim 125 of the basic sum assured, along with guaranteed additions. If death occurs after 15 policy years, the family can claim 125 of the basic sum assured, along with guaranteed additions."
What steps are involved in processing a claim report?,"Processing a claim report involves the insurer reviewing the submitted documentation, assessing the validity of the claim, conducting investigations if necessary, and determining the amount of compensation to be paid."
What is a stock market index?,A stock market index is a measurement of the value of a section of the stock market calculated from the prices of selected stocks.
